{
  "state": {
    "isStdOutTTY": false,
    "isStdErrTTY": false,
    "testRunDurationMs": 300001.013042
  },
  "metrics": {
    "http_req_blocked": {
      "values": {
        "med": 0.002,
        "p(95)": 0.00475,
        "p(99)": 0.05808341999999995,
        "max": 11.185666,
        "avg": 0.004038961506666525,
        "min": 0.000459
      },
      "type": "trend",
      "contains": "time"
    },
    "checks": {
      "contains": "default",
      "values": {
        "rate": 1,
        "passes": 150000,
        "fails": 0
      },
      "type": "rate"
    },
    "http_req_waiting": {
      "values": {
        "max": 209.920584,
        "avg": 1.097346584239993,
        "min": 0.307708,
        "med": 0.805792,
        "p(95)": 1.6752520999999996,
        "p(99)": 6.15454559
      },
      "type": "trend",
      "contains": "time"
    },
    "http_req_receiving": {
      "type": "trend",
      "contains": "time",
      "values": {
        "med": 0.020583,
        "p(95)": 0.058125,
        "p(99)": 0.139417,
        "max": 7.862,
        "avg": 0.027318558386666494,
        "min": 0.004
      }
    },
    "iteration_duration": {
      "type": "trend",
      "contains": "time",
      "values": {
        "max": 212.388959,
        "avg": 1.2107280138666796,
        "min": 0.348709,
        "med": 0.909084,
        "p(95)": 1.9062961499999995,
        "p(99)": 6.465221909999998
      }
    },
    "http_req_duration{expected_response:true}": {
      "type": "trend",
      "contains": "time",
      "values": {
        "avg": 1.1375500794599818,
        "min": 0.317458,
        "med": 0.8415835,
        "p(95)": 1.7624336499999977,
        "p(99)": 6.2480888299999995,
        "max": 212.016042
      }
    },
    "send_latency_ms": {
      "type": "trend",
      "contains": "time",
      "values": {
        "p(99)": 6.2480888299999995,
        "max": 212.016042,
        "avg": 1.1375500794599818,
        "min": 0.317458,
        "med": 0.8415835,
        "p(95)": 1.7624336499999977
      }
    },
    "http_reqs": {
      "type": "counter",
      "contains": "default",
      "values": {
        "count": 150000,
        "rate": 499.99831160236806
      }
    },
    "http_req_failed": {
      "thresholds": {
        "rate<0.01": {
          "ok": true
        }
      },
      "type": "rate",
      "contains": "default",
      "values": {
        "fails": 150000,
        "rate": 0,
        "passes": 0
      }
    },
    "data_received": {
      "type": "counter",
      "contains": "data",
      "values": {
        "count": 77602719,
        "rate": 258674.85650502006
      }
    },
    "http_req_tls_handshaking": {
      "type": "trend",
      "contains": "time",
      "values": {
        "p(95)": 0,
        "p(99)": 0,
        "max": 0,
        "avg": 0,
        "min": 0,
        "med": 0
      }
    },
    "http_req_connecting": {
      "type": "trend",
      "contains": "time",
      "values": {
        "max": 11.110083,
        "avg": 0.0012620497999999982,
        "min": 0,
        "med": 0,
        "p(95)": 0,
        "p(99)": 0.03375291999999961
      }
    },
    "http_req_sending": {
      "type": "trend",
      "contains": "time",
      "values": {
        "min": 0.002333,
        "med": 0.011292,
        "p(95)": 0.022792,
        "p(99)": 0.045625,
        "max": 6.565166,
        "avg": 0.012884936833333239
      }
    },
    "data_sent": {
      "type": "counter",
      "contains": "data",
      "values": {
        "rate": 139089.5236549026,
        "count": 41726998
      }
    },
    "vus": {
      "type": "gauge",
      "contains": "default",
      "values": {
        "value": 1,
        "min": 0,
        "max": 19
      }
    },
    "http_req_duration": {
      "type": "trend",
      "contains": "time",
      "values": {
        "avg": 1.1375500794599818,
        "min": 0.317458,
        "med": 0.8415835,
        "p(95)": 1.7624336499999977,
        "p(99)": 6.2480888299999995,
        "max": 212.016042
      },
      "thresholds": {
        "p(95)<200": {
          "ok": true
        },
        "p(99)<500": {
          "ok": true
        }
      }
    },
    "iterations": {
      "values": {
        "count": 150000,
        "rate": 499.99831160236806
      },
      "type": "counter",
      "contains": "default"
    },
    "vus_max": {
      "values": {
        "value": 100,
        "min": 100,
        "max": 100
      },
      "type": "gauge",
      "contains": "default"
    }
  },
  "root_group": {
    "name": "",
    "path": "",
    "id": "d41d8cd98f00b204e9800998ecf8427e",
    "groups": [],
    "checks": [
        {
          "name": "2xx",
          "path": "::2xx",
          "id": "67e352a901723dd785c9b2fe7ab99432",
          "passes": 150000,
          "fails": 0
        }
      ]
  },
  "options": {
    "summaryTrendStats": [
      "avg",
      "min",
      "med",
      "p(95)",
      "p(99)",
      "max"
    ],
    "summaryTimeUnit": "",
    "noColor": false
  }
}